Nome,Telefone
Restaurante Coco Bambu Sul,558530237777
Parrileiro Sul,558521806889
Santa Grelha - Shopping Iguatemi,558532415541
Divina Picanha,558532791111
Vignoli Fortaleza - Sul,558532679450
Ryori,558532414683
Raiz Cozinha Brasileira,558530359999
Manjar Brasil Restaurante Self-Service,558532734532
"Coco Bambu Iguatemi: Restaurante, Peixe, Camarão, Carnes, Lagosta, Fortaleza, CE",558521807710
Rancho do Poço,558531983666
Cantinho do Frango Sul,5585997053833
La Pasta Gialla - Unidade Shopping Iguatemi,558532415541
ZOI Restaurante,5585981246185
Zio Cucina Iguatemi,558530345982
"Lagostinne Fortaleza Sul | Lago Jacarey - Restaurante, Sushibar e Rodízio de Sushi em Fortaleza.",558533931130
Fogão a Lenha 6 Bocas,558532783654
Restaurante Oriental,558532731118
Picanha do Jonas - Fátima,558532577700
Restaurante Tempero Gaúcho,5585985907594
Café Bombom,558534567203
Baião & Brasa Churrascaria,5585994316479
CHURRASCARIA CARNE DO SOL NA BRASA,558532693586
Pão de Queijo Keila Aragão - Artesanal e com ingredientes frescos.,5585988178353
Churrascaria O Claudio,558532695436
ReG Marmitaria,5585989831797
Mega Grill Assados,5585986662836
Bella Gula,558532693158
Galeteria Sabor Do Frango,5585986866745
Bendita Marmitaria,5585985534654
Alice Padaria,558532694972
"Marmitex ""Dona Joana",5585987154125
Churrascaria & Petiscaria Cozinha do Pai,558532136837
Senhora Massas e Petiscos,5585992397404
Boteco do Chokyto Prime,5585981391458
Universo Do Açaí (São Cristovão),5585985617307
LF.DELIVERY DE BEBIDAS E PIZZA,5585999853170
Restaurante Panela de Barro,5585989906837
Tempero das manas,5585991375762
Balneário Churrascaria,5585987589014
Baião do Dedé Restaurante e Pizzaria,558532690514
Galetos Almeida,5585987593547
MMs Tapiocas,558534728032
Churrascaria João Filho - Siqueira,558534981799
Picanha do Alemão,558532798937
Churrascaria Poranga - Sul,5585994284434
Colosso Fortaleza,5585981246185
Zé do Mangue,558532736627
Skina do Baião,558532795300
Grelha Sul,558532562332
Churrascaria Arena Restô,558530558614
"Barraca Atlantidz Praia do Futuro: Barraca de Praia, Gastronomia em Fortaleza CE",558531208717
Restaurante Tempero da Tia Lúcia,558532759597
Caravelle,5585991113110
Holy Salt Reserva - Restaurante Fortaleza,5585999725906
Night do Camarão,558532741963
Restaurante Mestre Lua,558530239852
Restaurante da Belinha,558530135648
Restaurante Dona Dê,558532561092
FIVØ COZINHA,5585994339796
Gleic.Nails,5585985538332
Confeitar,5585997962047
Frangão do Gaúcho,558532693435
Yakisushi,5585987278744
Kaio salgados,5585996859822
Tô no bar petiscaria / Jangurussu,5585996678217
Alô Sushi,558532696581
Galeteria Maciel,5585986606222
Pastelito Orignal,5585985233167
D´CASA PIZZARIA,5585998148623
Night Petiscaria e Massas,5585989339313
Texas Burger,5585994076828
Kit palit e provençal,5585989230315
Costa Mendes Delicatessen - Montese,558534945050
Restaurante Boaventura,558532496501
Le Viole,5511999999999
Restaurante Di Cumê Parangaba,5585988202077
Outback Steakhouse,558530135582
Churrascaria Lopes,558532945957
Bang's Sul,558530346635
Churrascaria O Maia,558534913743
Carneiro Prime Sul,5585989756265
Nogueira Gourmet,5585997520038
Churrascaria e Pizzaria Poranga,558532952286
Divino Fogão - Fortaleza Parangaba,5585999658103
Tilápia Restaurante,5585998198201
Filé Gourmet,558532787317
Le Cuisinier,558532357913
Restaurante Maria Chica | Culinária Regional,558532925646
Restaurante O Auri,5585999429386
Restaurante Amuarama,558533048900
Restaurante Tia Santa,5585996609800
Jacinto Lanches,558532691977
Doçurados,5585988698305
Siqueira Spettos,5585989366607
Restaurante Prato Brito,5585986579706
Lancheira da anna,5585986225784
Espetinho do Denis,5585987613450
Central Food Cantinho do Assado,5585988490781
Espetinho do Batata,5585986449479
Pastel Da Nega,5585989392127
Taz Burguer,5585988415186
Peixe Vivo,5585986775247
BATATINHA SHOW,5585997726656
Lotte77,5585994132009
DELICIAS DA NEIDE,5585985711259
Aloha Food Good,5585988011229
Jardins Lounge Bar,5585982215555
Picanha Do Nilson,558530552428
Les Roches Bistrô (Água Fria),558530374810
Brewstone Pub,558538796451
Restaurante & Self Service Frango do Louro,558532924021
Sr. Camarão,558533934041
Recanto do Sabor,558532761189
Yakichina Sul - Restaurante Chinês e Japonês com Sushi Bar,558530478901
New York Restaurant,5585981920130
Tio Armenio,558532415610
Raimundão O Rei da Asa,5585988839611
Skina do Camarão,558530558029
Vignoli Cucina - Aeroporto,558532679450
HannaDocinho,5585992927681
Universo da Gula,558532435890
Pastelito,558532692968
Açaí Retrô,5585996948715
Pizzaria La Bambina,5585932690646
Dona Kinha - Churrasco em Família,5585996896541
Iracema Doces e Salgados,5585987704041
MG Batatas,5585999862110
Johny Pizza Original,558532695439
Casa da Pizza e Esfiha,5585987539629
Burguer Blues,5585996875546
Turma da Pizza,5585986424514
BomBurguer,5585991207660
Foodflix,5585992480309
Sanduíche da Bûnita,5585988878188
Calzoon Fortaleza - CE,5585997600257
Sabor do Baião,5585989834969
Suvaco de Cobra,5585992137108
Restaurante Louro Caipira,5585987453662
Kina Restaurante - Iguatemi,5585992675858
"Cantina Boaventura Restaurante & Pizzaria ""Chef Italiano",558534950572
Raxi,558530375778
Rancho do Camarão,5585986306208
Portal EcoMangue,5585997183475
Sukata's gastrobar,5585981729863
Bamboo Sushi House (Fortaleza),558530468888
MINI Salgados São Cristóvão,5585989265921
Doms Burger Jangurussu,5585996177920
De'Casa Pizzaria,5585985700214
Tô no Açai,5585984354525
Jerasburger,5585999303376
Sr.BomBurguer,5585997988866
Tal Hora Burguer,5585989534011
Maria Burgueira SC,5585989378527
Pizzaria KiSabor,5585985266512
JL Lanches,5585988102735
Império da Pizza Delivery,558532767307
Di Lascari,5585997897410
Pocoloco Burger House,5585988369047
W Burguer - São Cristóvão,5585933000818
Restaurante Spoleto,558530333173
Habib's - Maraponga,5585986879734
Picanha Do Montese,558532924999
Barraca Azul do Mar,5585986033177
Sabor Doces e Salgados,558532943452
Toque de Alecrim,5585992724387
"Play Sport Bar: Restaurante, Drinks, Happy Hour, Petiscos, Pizzas em Fortaleza CE",558530990017
Noélia Doces e Salgados - Montese,558530367650
Spoleto,558532786553
Celli Salgados,558534723460
Skina Brasil Restaurante e Pizzaria,558534763790
Bar e churrascaria Frangão,558532731054
Panificadora Nogueira,558532766061
Tempero do Edilson,558532126489
